timestamp,open,high,low,close,adjusted_close,volume,corporate_action
2024-10-28,80.23999786376953,80.62999725341797,80.18000030517578,80.5199966430664,75.50077056884766,6985000,
2024-10-29,80.25,80.41999816894531,80.05000305175781,80.2300033569336,75.22885131835938,8778400,
2024-10-30,79.56999969482422,80.05999755859375,79.51000213623047,79.70999908447266,74.74127197265625,8828100,
2024-10-31,79.31999969482422,79.31999969482422,78.47000122070312,79.22000122070312,74.28181457519531,19247600,
2024-11-01,79.6500015258789,79.86000061035156,79.30999755859375,79.37999725341797,74.43183135986328,9951300,
2024-11-04,79.81999969482422,80.02999877929688,79.38999938964844,79.44000244140625,74.48809814453125,10280100,
2024-11-05,79.6500015258789,80.30000305175781,79.58999633789062,80.2300033569336,75.22885131835938,9596400,
2024-11-06,79.05000305175781,79.16000366210938,78.41999816894531,79.06999969482422,74.14115905761719,11746200,
2024-11-07,79.9800033569336,80.33999633789062,79.83999633789062,80.2699966430664,75.266357421875,11634100,
2024-11-08,79.37999725341797,79.37999725341797,78.77999877929688,79.16000366210938,74.2255630493164,11540300,
2024-11-11,79.41000366210938,79.44999694824219,79.0999984741211,79.18000030517578,74.24430847167969,5839600,
2024-11-12,78.41999816894531,78.41999816894531,77.31999969482422,77.70999908447266,72.86593627929688,16613700,
2024-11-13,77.4000015258789,77.45999908447266,76.80000305175781,77.25,72.43460845947266,14828900,
2024-11-14,77.80999755859375,77.97000122070312,77.33000183105469,77.41000366210938,72.58464050292969,19039000,
2024-11-15,77.30999755859375,77.33000183105469,76.95999908447266,77.12999725341797,72.32209014892578,15433500,
2024-11-18,77.06999969482422,77.69000244140625,77.0199966430664,77.55000305175781,72.71591186523438,7772600,
2024-11-19,76.9000015258789,77.5999984741211,76.79000091552734,77.44999694824219,72.62213897705078,13402300,
2024-11-20,77.12999725341797,77.23999786376953,76.69999694824219,77.23999786376953,72.42523193359375,12442000,
2024-11-21,77.12000274658203,77.37999725341797,76.8499984741211,77.26000213623047,72.4439926147461,9161200,
2024-11-22,77.16999816894531,77.69999694824219,77.16000366210938,77.55999755859375,72.72528839111328,16809800,
2024-11-25,78.16000366210938,78.2699966430664,77.72000122070312,77.95999908447266,73.10034942626953,24934100,
2024-11-26,77.83000183105469,77.8499984741211,77.2699966430664,77.51000213623047,72.67840576171875,9360800,
2024-11-27,77.83999633789062,78.08000183105469,77.69000244140625,77.93000030517578,73.07222747802734,7477900,
2024-11-29,78.23999786376953,79.01000213623047,78.20999908447266,78.97000122070312,74.04739379882812,11643900,
2024-12-02,79.08000183105469,79.33000183105469,78.56999969482422,79.19000244140625,74.25369262695312,15721100,
2024-12-03,79.70999908447266,79.87000274658203,79.4000015258789,79.63999938964844,74.67562866210938,13289900,
2024-12-04,79.73999786376953,79.87999725341797,79.58000183105469,79.69999694824219,74.73188781738281,10434400,
2024-12-05,80.0999984741211,80.22000122070312,79.94000244140625,80.08999633789062,75.09757232666016,11910800,
2024-12-06,80.38999938964844,80.38999938964844,79.9000015258789,80.08000183105469,75.08819580078125,7072500,
2024-12-09,80.52999877929688,80.62999725341797,80.0,80.02999877929688,75.04132080078125,7801100,
2024-12-10,79.83000183105469,79.8499984741211,79.29000091552734,79.30999755859375,74.36619567871094,10662800,
2024-12-11,79.7300033569336,79.87000274658203,79.48999786376953,79.80999755859375,74.83502960205078,11858900,
2024-12-12,79.38999938964844,79.70999908447266,79.05000305175781,79.11000061035156,74.17866516113281,8623800,
2024-12-13,79.20999908447266,79.20999908447266,78.68000030517578,78.88999938964844,73.97237396240234,10116600,
2024-12-16,78.58000183105469,78.9000015258789,78.5,78.62999725341797,73.72859191894531,25547700,
2024-12-17,77.43000030517578,77.70999908447266,77.37000274658203,77.44999694824219,73.61167907714844,13934900,"{""dividend_amount"": 1.057}"
2024-12-18,77.37999725341797,77.54000091552734,75.41000366210938,75.55000305175781,71.80584716796875,16470400,
2024-12-19,75.80000305175781,75.87000274658203,75.26000213623047,75.30999755859375,71.5777359008789,17486600,
2024-12-20,74.37999725341797,75.7300033569336,74.37000274658203,75.0999984741211,71.37814331054688,20878200,
2024-12-23,75.23999786376953,75.63999938964844,74.94000244140625,75.58999633789062,71.84386444091797,10491200,
2024-12-24,75.62000274658203,75.91999816894531,75.43000030517578,75.86000061035156,72.10047912597656,5585200,
2024-12-26,75.98999786376953,76.3499984741211,75.93000030517578,76.22000122070312,72.44264221191406,10784900,
2024-12-27,76.08000183105469,76.27999877929688,75.83000183105469,76.11000061035156,72.33809661865234,15819700,
2024-12-30,75.63999938964844,75.87999725341797,75.27999877929688,75.61000061035156,71.86286926269531,16427600,
2024-12-31,75.86000061035156,75.9800033569336,75.44000244140625,75.61000061035156,71.86286926269531,21393500,
2025-01-02,75.69999694824219,75.87000274658203,75.13999938964844,75.3499984741211,71.61576080322266,12756600,
2025-01-03,75.52999877929688,75.73999786376953,75.23999786376953,75.68000030517578,71.92940521240234,12548800,
2025-01-06,76.33000183105469,76.88999938964844,76.25,76.4000015258789,72.61371612548828,16201800,
2025-01-07,77.05999755859375,77.05999755859375,76.2300033569336,76.33999633789062,72.55668640136719,9393200,
2025-01-08,75.9000015258789,76.33000183105469,75.68000030517578,76.22000122070312,72.44264221191406,7894800,
2025-01-10,75.6500015258789,75.66999816894531,74.9000015258789,75.05999755859375,71.34012603759766,12021900,
2025-01-13,74.25,74.88999938964844,74.23999786376953,74.8499984741211,71.14053344726562,12019700,
2025-01-14,75.0199966430664,75.26000213623047,74.76000213623047,75.12000274658203,71.39715576171875,9963200,
2025-01-15,76.19999694824219,76.26000213623047,75.76000213623047,76.08000183105469,72.30958557128906,12144700,
2025-01-16,76.25,76.69000244140625,76.08999633789062,76.47000122070312,72.68025207519531,17925700,
2025-01-17,76.86000061035156,77.19000244140625,76.68000030517578,76.77999877929688,72.97488403320312,10667100,
2025-01-21,77.80000305175781,78.3499984741211,77.68000030517578,78.33000183105469,74.44807434082031,13169100,
2025-01-22,78.48999786376953,78.5,78.12000274658203,78.1500015258789,74.2770004272461,8666700,
2025-01-23,78.33999633789062,78.79000091552734,78.19000244140625,78.79000091552734,74.8852767944336,10977200,
2025-01-24,79.1500015258789,79.45999908447266,79.08000183105469,79.2300033569336,75.30347442626953,7578400,
2025-01-27,78.83999633789062,79.2699966430664,78.81999969482422,79.2300033569336,75.30347442626953,13559100,
2025-01-28,79.11000061035156,79.18000030517578,78.66000366210938,79.12999725341797,75.20841979980469,9458300,
2025-01-29,79.13999938964844,79.36000061035156,78.8499984741211,79.12000274658203,75.19892120361328,7875400,
2025-01-30,79.87999725341797,80.31999969482422,79.63999938964844,79.98999786376953,76.02579498291016,13792100,
2025-01-31,79.86000061035156,80.16999816894531,79.16999816894531,79.23999786376953,75.31297302246094,14935000,
2025-02-03,77.91000366210938,78.80000305175781,77.6500015258789,78.30999755859375,74.42906188964844,14997600,
2025-02-04,78.79000091552734,79.30000305175781,78.70999908447266,79.22000122070312,75.2939682006836,10608300,
2025-02-05,79.70999908447266,80.08000183105469,79.55000305175781,79.98999786376953,76.02579498291016,7857000,
2025-02-06,80.25,80.54000091552734,80.19000244140625,80.37000274658203,76.38697052001953,7806500,
2025-02-07,80.41999816894531,80.4800033569336,79.4800033569336,79.61000061035156,75.66464233398438,13110800,
2025-02-10,79.9800033569336,80.18000030517578,79.91999816894531,80.1500015258789,76.1778793334961,7287300,
2025-02-11,80.05999755859375,80.61000061035156,80.02999877929688,80.52999877929688,76.5390396118164,7583700,
2025-02-12,80.01000213623047,80.98999786376953,79.88999938964844,80.83000183105469,76.82418060302734,17271400,
2025-02-13,81.19999694824219,81.8499984741211,81.12000274658203,81.80999755859375,77.75560760498047,17212300,
2025-02-14,82.2699966430664,82.3499984741211,81.91000366210938,81.93000030517578,77.86966705322266,8051800,
2025-02-18,82.47000122070312,82.62999725341797,82.31999969482422,82.5199966430664,78.430419921875,9485900,
2025-02-19,81.6500015258789,81.80000305175781,81.37999725341797,81.66999816894531,77.62254333496094,11042200,
2025-02-20,81.91000366210938,82.0999984741211,81.58000183105469,82.05000305175781,77.98371887207031,9177400,
2025-02-21,82.12000274658203,82.13999938964844,81.37999725341797,81.54000091552734,77.49898529052734,11630000,
2025-02-24,81.87000274658203,81.98999786376953,81.33999633789062,81.48999786376953,77.45146179199219,11135700,
2025-02-25,82.51000213623047,82.51000213623047,81.87999725341797,82.2300033569336,78.15479278564453,10091400,
2025-02-26,82.47000122070312,82.98999786376953,82.16999816894531,82.33999633789062,78.25933837890625,11254600,
2025-02-27,82.11000061035156,82.11000061035156,81.36000061035156,81.41000366210938,77.37543487548828,19003200,
2025-02-28,81.33000183105469,81.6500015258789,80.80999755859375,81.58000183105469,77.5370101928711,20717700,
2025-03-03,83.16999816894531,83.38999938964844,82.02999877929688,82.4800033569336,78.39241027832031,16234700,
2025-03-04,81.88999938964844,83.33000183105469,81.20999908447266,82.45999908447266,78.3733901977539,18408500,
2025-03-05,83.58000183105469,84.56999969482422,83.58000183105469,84.43000030517578,80.24576568603516,17092500,
2025-03-06,83.80999755859375,84.48999786376953,83.5,83.55999755859375,79.41887664794922,18421000,
2025-03-07,83.70999908447266,84.54000091552734,83.54000091552734,84.43000030517578,80.24576568603516,13184300,
2025-03-10,83.04000091552734,83.33999633789062,81.87999725341797,82.44000244140625,78.35438537597656,19368400,
2025-03-11,82.52999877929688,82.6500015258789,81.61000061035156,82.16000366210938,78.0882568359375,18088800,
2025-03-12,82.70999908447266,82.93000030517578,82.18000030517578,82.75,78.6490249633789,15886300,
2025-03-13,82.2699966430664,82.5,81.94000244140625,82.19999694824219,78.12627410888672,18561400,
2025-03-14,83.0,83.7300033569336,82.8499984741211,83.70999908447266,79.56143951416016,13971300,
2025-03-17,83.93000030517578,84.77999877929688,83.87000274658203,84.6500015258789,80.4548568725586,12966800,
2025-03-18,84.58000183105469,84.7699966430664,84.1500015258789,84.63999938964844,80.44535827636719,10513400,
2025-03-19,84.33999633789062,85.19000244140625,84.27999877929688,84.88999938964844,80.68296813964844,16362400,
2025-03-20,83.66999816894531,84.25,83.6500015258789,84.18000030517578,80.00814819335938,11820500,
2025-03-21,83.55000305175781,83.81999969482422,83.37000274658203,83.66000366210938,79.51392364501953,18771200,
2025-03-24,83.58999633789062,83.83000183105469,83.3499984741211,83.6500015258789,79.5044174194336,12201700,
2025-03-25,84.22000122070312,84.31999969482422,83.91000366210938,84.11000061035156,79.94161987304688,10478200,
2025-03-26,83.55000305175781,83.77999877929688,82.87999725341797,83.0199966430664,78.9056396484375,17010400,
2025-03-27,82.88999938964844,83.38999938964844,82.8499984741211,83.19999694824219,79.07672119140625,10331900,
2025-03-28,82.79000091552734,82.88999938964844,82.29000091552734,82.45999908447266,78.3733901977539,14242300,
2025-03-31,81.2699966430664,81.87999725341797,80.91999816894531,81.7300033569336,77.67957305908203,25560500,
2025-04-01,81.77999877929688,82.11000061035156,81.3499984741211,81.8499984741211,77.79361724853516,15154000,
2025-04-02,81.25,82.12999725341797,81.19000244140625,82.04000091552734,77.97420501708984,14451600,
2025-04-03,81.23999786376953,81.44000244140625,80.22000122070312,80.31999969482422,76.3394546508789,18718400,
2025-04-04,77.25,77.5199966430664,74.97000122070312,75.0199966430664,71.30210876464844,40904300,
2025-04-07,72.69000244140625,76.25,72.1500015258789,73.20999908447266,69.58181762695312,63057500,
2025-04-08,75.83000183105469,75.91999816894531,72.22000122070312,72.95999908447266,69.34420013427734,36425000,
2025-04-09,73.16000366210938,78.86000061035156,72.76000213623047,78.58999633789062,74.69517517089844,60645100,
2025-04-10,77.19999694824219,77.48999786376953,75.29000091552734,77.04000091552734,73.22200775146484,36697600,
2025-04-11,77.33999633789062,79.1500015258789,77.22000122070312,78.97000122070312,75.05635833740234,28909900,
2025-04-14,79.44999694824219,80.23999786376953,79.16999816894531,79.81999969482422,75.86422729492188,15749900,
2025-04-15,80.44999694824219,80.91000366210938,80.36000061035156,80.54000091552734,76.54853820800781,13679800,
2025-04-16,80.55000305175781,81.05999755859375,79.94000244140625,80.2300033569336,76.25390625,16542600,
2025-04-17,80.95999908447266,81.58999633789062,80.80999755859375,81.0999984741211,77.0807876586914,14072500,
2025-04-21,81.47000122070312,81.55999755859375,80.08999633789062,80.66000366210938,76.66260528564453,15883900,
2025-04-22,81.7699966430664,82.69999694824219,81.75,82.33000183105469,78.24984741210938,14923200,
2025-04-23,83.12000274658203,83.62999725341797,82.43000030517578,82.66000366210938,78.56349182128906,15223500,
2025-04-24,83.02999877929688,83.79000091552734,82.88999938964844,83.76000213623047,79.60897064208984,11194200,
2025-04-25,83.5999984741211,84.1500015258789,83.4800033569336,84.12000274658203,79.95113372802734,10485300,
2025-04-28,84.2300033569336,84.7699966430664,84.1500015258789,84.68000030517578,80.4833755493164,10085400,
2025-04-29,84.58999633789062,85.02999877929688,84.55999755859375,84.8499984741211,80.64495086669922,8303800,
2025-04-30,84.27999877929688,85.01000213623047,83.86000061035156,84.75,80.5499038696289,24147900,
2025-05-01,84.9800033569336,84.98999786376953,84.37000274658203,84.4800033569336,80.29328918457031,10070900,
2025-05-02,85.95999908447266,86.30000305175781,85.80999755859375,86.0999984741211,81.83300018310547,14798400,
2025-05-05,86.37000274658203,86.4800033569336,86.2300033569336,86.25,81.9755630493164,8119800,
2025-05-06,86.20999908447266,86.44000244140625,86.05000305175781,86.13999938964844,81.87102508544922,8661700,
2025-05-07,85.93000030517578,86.19000244140625,85.58999633789062,85.8499984741211,81.59538269042969,8536600,
2025-05-08,86.08999633789062,86.08999633789062,85.5,85.55000305175781,81.31026458740234,12228300,
2025-05-09,86.20999908447266,86.20999908447266,85.73999786376953,85.97000122070312,81.7094497680664,9149000,
2025-05-12,86.08999633789062,86.41999816894531,85.6500015258789,86.41000366210938,82.12763977050781,12602500,
2025-05-13,86.30000305175781,86.7300033569336,86.19999694824219,86.5199966430664,82.23218536376953,13242900,
2025-05-14,86.80999755859375,86.83000183105469,86.04000091552734,86.0999984741211,81.83300018310547,10173300,
2025-05-15,86.72000122070312,87.0999984741211,86.5,87.04000091552734,82.7264175415039,11283200,
2025-05-16,86.94000244140625,87.27999877929688,86.7699966430664,87.23999786376953,82.91650390625,8372100,
2025-05-19,87.23999786376953,88.08000183105469,87.22000122070312,88.06999969482422,83.70536804199219,9062900,
2025-05-20,88.26000213623047,88.52999877929688,88.20999908447266,88.48999786376953,84.10455322265625,23335500,
2025-05-21,88.5999984741211,88.88999938964844,87.93000030517578,87.97000122070312,83.6103286743164,15278800,
2025-05-22,87.62999725341797,88.1500015258789,87.48999786376953,87.91999816894531,83.56280517578125,12787300,
2025-05-23,87.19999694824219,88.19999694824219,87.1500015258789,88.04000091552734,83.6768569946289,16959600,
2025-05-27,89.30000305175781,89.45999908447266,89.12000274658203,89.31999969482422,84.89341735839844,12435700,
2025-05-28,88.44999694824219,88.55000305175781,88.12000274658203,88.29000091552734,83.91446685791016,16812400,
2025-05-29,88.73999786376953,88.75,88.25,88.68000030517578,84.28514099121094,11454200,
2025-05-30,88.75,88.9000015258789,88.16999816894531,88.80999755859375,84.40869140625,18590200,
2025-06-02,88.97000122070312,89.79000091552734,88.66999816894531,89.76000213623047,85.3116226196289,25710500,
2025-06-03,88.86000061035156,89.16999816894531,88.62999725341797,89.08000183105469,84.66531372070312,11787400,
2025-06-04,89.29000091552734,89.75,89.2300033569336,89.4800033569336,85.04549407958984,11593300,
2025-06-05,89.76000213623047,89.86000061035156,89.2300033569336,89.41999816894531,84.98846435546875,14543100,
2025-06-06,89.62000274658203,89.8499984741211,89.5,89.73999786376953,85.2926025390625,10301000,
2025-06-09,89.62000274658203,90.0,89.55999755859375,89.7300033569336,85.28311157226562,9641600,
2025-06-10,90.05000305175781,90.08999633789062,89.6500015258789,89.8499984741211,85.39715576171875,10254100,
2025-06-11,90.01000213623047,90.16000366210938,89.63999938964844,89.69999694824219,85.25458526611328,12329600,
2025-06-12,90.19999694824219,90.51000213623047,90.1500015258789,90.38999938964844,85.91039276123047,13288000,
2025-06-13,89.22000122070312,89.72000122070312,89.0199966430664,89.2300033569336,84.8078842163086,22177100,
2025-06-16,88.41000366210938,88.86000061035156,88.04000091552734,88.04000091552734,85.12599182128906,17843400,"{""dividend_amount"": 1.519}"
2025-06-17,87.66999816894531,87.75,86.86000061035156,86.95999908447266,84.08174133300781,16726300,
2025-06-18,87.20999908447266,87.58999633789062,86.9000015258789,87.11000061035156,84.22677612304688,18504400,
2025-06-20,87.04000091552734,87.05000305175781,86.30999755859375,86.33000183105469,83.47259521484375,16900600,
2025-06-23,85.73999786376953,87.01000213623047,85.68000030517578,86.9800033569336,84.10108184814453,23100600,
2025-06-24,87.66000366210938,88.16999816894531,87.55999755859375,88.04000091552734,85.12599182128906,14900600,
2025-06-25,87.56999969482422,87.68000030517578,87.36000061035156,87.55999755859375,84.66188049316406,14422100,
2025-06-26,88.23999786376953,88.61000061035156,88.12999725341797,88.54000091552734,85.60944366455078,15791500,
2025-06-27,89.18000030517578,89.62000274658203,88.95999908447266,89.33999633789062,86.38296508789062,15987700,
2025-06-30,89.12000274658203,89.48999786376953,88.94999694824219,89.38999938964844,86.43131256103516,28062100,
2025-07-01,89.11000061035156,89.38999938964844,89.02999877929688,89.23999786376953,86.2862777709961,11406100,
2025-07-02,88.97000122070312,89.55999755859375,88.83999633789062,89.5,86.53766632080078,13133600,
2025-07-03,89.44000244140625,89.68000030517578,89.38999938964844,89.5199966430664,86.5570068359375,5311100,
2025-07-07,88.94000244140625,89.0999984741211,88.30000305175781,88.55000305175781,85.61911010742188,12925000,
2025-07-08,88.69999694824219,89.29000091552734,88.5999984741211,89.19999694824219,86.24759674072266,9061400,
2025-07-09,89.58999633789062,89.9000015258789,89.37999725341797,89.87000274658203,86.89542388916016,8699900,
2025-07-10,89.62999725341797,89.87999725341797,89.43000030517578,89.80999755859375,86.83740234375,8554400,
2025-07-11,89.0999984741211,89.12999725341797,88.80999755859375,88.94999694824219,86.00586700439453,8468000,
2025-07-14,88.6500015258789,89.0199966430664,88.56999969482422,88.94999694824219,86.00586700439453,7969900,
2025-07-15,88.95999908447266,88.97000122070312,87.95999908447266,88.0199966430664,85.10665130615234,10572000,
2025-07-16,87.9800033569336,88.44000244140625,87.72000122070312,88.37999725341797,85.4547348022461,16776500,
2025-07-17,88.1500015258789,88.62000274658203,88.08999633789062,88.61000061035156,85.6771240234375,9542000,
2025-07-18,89.0199966430664,89.02999877929688,88.27999877929688,88.36000061035156,85.4354019165039,11044700,
2025-07-21,88.77999877929688,89.27999877929688,88.61000061035156,88.83000183105469,85.88984680175781,9324000,
2025-07-22,88.93000030517578,89.38999938964844,88.70999908447266,89.31999969482422,86.3636245727539,12134300,
2025-07-23,90.54000091552734,91.56999969482422,90.48999786376953,91.54000091552734,88.51014709472656,18088200,
2025-07-24,91.06999969482422,91.2699966430664,90.86000061035156,90.86000061035156,87.8526611328125,12025500,
2025-07-25,90.19000244140625,90.76000213623047,90.08999633789062,90.75,87.74629211425781,9583200,
2025-07-28,89.80999755859375,89.86000061035156,89.0999984741211,89.29000091552734,86.3346176147461,13654000,
2025-07-29,89.30000305175781,89.30000305175781,88.93000030517578,89.11000061035156,86.16057586669922,11888600,
2025-07-30,88.83000183105469,89.08000183105469,88.13999938964844,88.47000122070312,85.54176330566406,14623000,
2025-07-31,88.0999984741211,88.13999938964844,87.3499984741211,87.5199966430664,84.62319946289062,29271500,
2025-08-01,87.27999877929688,87.43000030517578,86.73999786376953,87.29000091552734,84.40081787109375,18658100,
2025-08-04,88.2300033569336,88.47000122070312,88.11000061035156,88.44999694824219,85.52242279052734,14718100,
2025-08-05,88.5999984741211,88.63999938964844,88.16999816894531,88.44000244140625,85.51275634765625,11634100,
2025-08-06,88.83999633789062,89.16999816894531,88.7699966430664,89.0199966430664,86.07355499267578,11499900,
2025-08-07,90.0199966430664,90.08999633789062,89.44000244140625,89.81999969482422,86.84707641601562,11525600,
2025-08-08,90.1500015258789,90.52999877929688,90.08000183105469,90.37000274658203,87.37887573242188,10367200,
2025-08-11,90.12000274658203,90.19999694824219,89.87999725341797,89.98999786376953,87.01144409179688,8516600,
2025-08-12,90.38999938964844,91.1500015258789,90.27999877929688,91.08999633789062,88.07503509521484,12302700,
2025-08-13,91.38999938964844,91.66000366210938,91.37000274658203,91.63999938964844,88.6068344116211,9490500,
2025-08-14,91.2300033569336,91.68000030517578,91.19999694824219,91.6500015258789,88.61650848388672,11790600,
2025-08-15,92.22000122070312,92.27999877929688,92.04000091552734,92.19000244140625,89.13863372802734,11864300,
2025-08-18,91.94999694824219,92.13999938964844,91.80000305175781,92.08999633789062,89.04193878173828,11577800,
2025-08-19,92.33000183105469,92.48999786376953,92.0199966430664,92.0999984741211,89.0516128540039,10721600,
2025-08-20,92.2699966430664,92.45999908447266,92.11000061035156,92.43000030517578,89.37068939208984,15871100,
2025-08-21,91.91999816894531,92.06999969482422,91.69000244140625,91.8499984741211,88.80988311767578,11258900,
2025-08-22,92.20999908447266,93.37999725341797,92.18000030517578,93.2300033569336,90.14421844482422,15827500,
2025-08-25,92.79000091552734,92.94999694824219,91.9800033569336,92.0,88.95491790771484,11700800,
2025-08-26,91.73999786376953,91.94999694824219,91.66999816894531,91.9000015258789,88.85823822021484,11788900,
2025-08-27,91.22000122070312,91.72000122070312,91.04000091552734,91.68000030517578,88.64551544189453,13054200,
2025-08-28,92.0,92.13999938964844,91.83000183105469,92.0199966430664,88.97425842285156,11136400,
2025-08-29,91.52999877929688,91.6500015258789,91.33000183105469,91.4800033569336,88.45213317871094,18544500,
2025-09-02,90.0999984741211,90.73999786376953,90.04000091552734,90.58000183105469,87.58192443847656,15496100,
2025-09-03,90.44999694824219,90.80000305175781,90.37000274658203,90.72000122070312,87.71728515625,14418600,
2025-09-04,91.0,91.4000015258789,90.94000244140625,91.37999725341797,88.3554458618164,10348000,
2025-09-05,92.12000274658203,92.38999938964844,91.5,91.79000091552734,88.75187683105469,15510600,
2025-09-08,92.45999908447266,92.73999786376953,92.23999786376953,92.70999908447266,89.64142608642578,12010700,
2025-09-09,92.33000183105469,92.5,92.1500015258789,92.4000015258789,89.34168243408203,10893200,
2025-09-10,92.6500015258789,92.7699966430664,92.2699966430664,92.37999725341797,89.32234191894531,11838300,
2025-09-11,92.77999877929688,93.38999938964844,92.75,93.36000061035156,90.26991271972656,11013000,
2025-09-12,92.98999786376953,93.12999725341797,92.7699966430664,92.98999786376953,89.91215515136719,10010500,
2025-09-15,93.44999694824219,93.68000030517578,93.31999969482422,93.61000061035156,90.51163482666016,18108000,
2025-09-16,93.5199966430664,93.54000091552734,93.08000183105469,93.3499984741211,90.26023864746094,25226900,
2025-09-17,93.23999786376953,93.7699966430664,92.61000061035156,93.0,89.92182159423828,17013600,
2025-09-18,93.0999984741211,93.4800033569336,92.81999969482422,93.36000061035156,90.26991271972656,15791600,
2025-09-19,93.04000091552734,93.1500015258789,92.76000213623047,93.0,89.92182159423828,21889300,
2025-09-22,92.95999908447266,93.33999633789062,92.7300033569336,93.30000305175781,90.21189880371094,13692200,
2025-09-23,93.51000213623047,93.66999816894531,93.0199966430664,93.12000274658203,90.03784942626953,14688400,
2025-09-24,92.69000244140625,92.91999816894531,92.45999908447266,92.58000183105469,89.5157241821289,14910700,
2025-09-25,91.94999694824219,92.0199966430664,91.52999877929688,91.91999816894531,88.87757110595703,22434600,
2025-09-26,92.30999755859375,92.63999938964844,92.2300033569336,92.62999725341797,89.56407165527344,18138000,
2025-09-29,92.91999816894531,93.05999755859375,92.7699966430664,92.98999786376953,89.91215515136719,13807100,
2025-09-30,92.88999938964844,93.45999908447266,92.86000061035156,93.37000274658203,90.27957916259766,24295000,
2025-10-01,93.87999725341797,94.2699966430664,93.86000061035156,94.13999938964844,91.02409362792969,17167900,
2025-10-02,94.54000091552734,94.5999984741211,93.87000274658203,94.29000091552734,91.16912841796875,15300500,
2025-10-03,94.97000122070312,95.2699966430664,94.8499984741211,95.08000183105469,91.93297576904297,13985500,
2025-10-06,95.25,95.52999877929688,95.1500015258789,95.30000305175781,92.14569854736328,12812500,
2025-10-07,94.95999908447266,95.01000213623047,94.43000030517578,94.47000122070312,91.34317016601562,9075000,
2025-10-08,94.79000091552734,94.93000030517578,94.55000305175781,94.75,91.61389923095703,11159400,
2025-10-09,94.79000091552734,94.79000091552734,93.73999786376953,93.97000122070312,90.85972595214844,10567900,
2025-10-10,93.69000244140625,93.7699966430664,92.12000274658203,92.23999786376953,89.18697357177734,26137200,
2025-10-13,92.6500015258789,93.08000183105469,92.52999877929688,92.9800033569336,89.9024887084961,11132900,
2025-10-14,92.44999694824219,93.68000030517578,92.33999633789062,93.4000015258789,90.30858612060547,15119000,
2025-10-15,93.86000061035156,94.12999725341797,93.31999969482422,93.8499984741211,90.74369049072266,15005400,
2025-10-16,94.41999816894531,94.73999786376953,94.0,94.33999633789062,91.21746826171875,24970300,
2025-10-17,94.04000091552734,94.56999969482422,93.91999816894531,94.51000213623047,91.38185119628906,16789400,
2025-10-20,94.94999694824219,95.37999725341797,94.93000030517578,95.29000091552734,92.13602447509766,12951100,
2025-10-21,94.86000061035156,95.0,94.55000305175781,94.58999633789062,91.45919036865234,16644300,
2025-10-22,94.5999984741211,94.76000213623047,94.05000305175781,94.44999694824219,91.3238296508789,15028600,
2025-10-23,94.62000274658203,95.0,94.62000274658203,94.88999938964844,91.749267578125,10584400,
2025-10-24,95.08000183105469,95.20999908447266,94.94000244140625,95.04000091552734,91.89430236816406,8967800,
2025-10-27,95.55999755859375,95.7300033569336,95.4800033569336,95.69999694824219,92.53245544433594,10612600,
2025-10-28,95.62999725341797,95.94999694824219,95.47000122070312,95.66000366210938,92.49378204345703,9187600,
2025-10-29,95.66000366210938,95.75,94.6500015258789,95.12000274658203,91.9716567993164,17914300,
2025-10-30,94.56999969482422,95.08000183105469,94.5,94.69999694824219,91.56555938720703,13967800,
2025-10-31,94.58999633789062,94.61000061035156,94.12999725341797,94.48999786376953,91.36251068115234,19459200,
2025-11-03,94.55999755859375,94.63999938964844,94.26000213623047,94.52999877929688,91.40118408203125,10681400,
2025-11-04,93.52999877929688,94.02999877929688,93.44999694824219,93.55999755859375,90.46328735351562,10349000,
2025-11-05,93.68000030517578,94.31999969482422,93.66999816894531,94.16000366210938,91.0434341430664,12451300,
2025-11-06,94.2699966430664,94.36000061035156,93.70999908447266,93.94999694824219,90.84037780761719,16176000,
2025-11-07,93.56999969482422,94.31999969482422,93.33999633789062,94.30000305175781,91.17880249023438,13976900,
2025-11-10,94.86000061035156,95.3499984741211,94.58999633789062,95.29000091552734,92.13602447509766,15682400,
2025-11-11,95.66999816894531,96.13999938964844,95.66999816894531,95.98999786376953,92.81285858154297,12959400,
2025-11-12,96.30999755859375,96.69000244140625,96.30999755859375,96.55999755859375,93.3639907836914,9532200,
2025-11-13,96.3499984741211,96.45999908447266,95.43000030517578,95.52999877929688,92.36808013916016,15864800,
2025-11-14,94.87999725341797,95.52999877929688,94.77999877929688,95.26000213623047,92.10702514648438,17396400,
2025-11-17,94.5999984741211,94.87999725341797,93.68000030517578,94.0199966430664,90.9080581665039,18850900,
2025-11-18,92.80999755859375,93.1500015258789,92.30000305175781,92.80000305175781,89.72844696044922,22482300,
2025-11-19,92.70999908447266,93.06999969482422,92.13999938964844,92.5199966430664,89.45771026611328,15425200,
2025-11-20,93.12999725341797,93.25,91.20999908447266,91.23999786376953,88.22007751464844,26720600,
2025-11-21,92.0999984741211,92.9000015258789,91.76000213623047,92.6500015258789,89.58341217041016,27211400,
2025-11-24,92.44999694824219,92.87999725341797,92.33999633789062,92.7300033569336,89.66075897216797,18550900,
2025-11-25,93.12999725341797,93.87999725341797,92.88999938964844,93.83999633789062,90.73401641845703,19903700,
2025-11-26,94.26000213623047,95.01000213623047,94.2300033569336,94.87000274658203,91.72993469238281,13481200,
2025-11-28,94.83999633789062,95.22000122070312,94.73999786376953,95.19000244140625,92.03934478759766,8136000,
2025-12-01,94.91999816894531,95.1500015258789,94.69000244140625,94.72000122070312,91.58489227294922,21791500,
2025-12-02,95.08000183105469,95.12999725341797,94.75,95.04000091552734,91.89430236816406,14267600,
2025-12-03,95.12000274658203,95.58999633789062,95.0999984741211,95.55000305175781,92.3874282836914,14439800,
2025-12-04,96.08000183105469,96.18000030517578,95.6500015258789,95.80999755859375,92.63880920410156,13862900,
2025-12-05,96.0999984741211,96.2300033569336,95.63999938964844,95.80999755859375,92.63880920410156,15829800,
2025-12-08,95.81999969482422,95.81999969482422,95.36000061035156,95.51000213623047,92.34874725341797,13589200,
2025-12-09,95.5999984741211,95.83000183105469,95.36000061035156,95.37999725341797,92.2230453491211,15966700,
2025-12-10,95.55999755859375,96.5999984741211,95.5,96.44000244140625,93.24797058105469,21171700,
2025-12-11,96.72000122070312,97.1500015258789,96.62999725341797,97.01000213623047,93.79910278320312,19221400,
2025-12-12,97.05999755859375,97.18000030517578,96.1500015258789,96.5,93.30598449707031,20514900,
2025-12-15,97.30999755859375,97.41999816894531,96.87000274658203,97.08999633789062,93.8764419555664,22751500,
2025-12-16,95.13999938964844,95.2300033569336,94.5999984741211,94.91999816894531,93.44133758544922,29380500,"{""dividend_amount"": 1.728}"
2025-12-17,94.7300033569336,94.94999694824219,94.12999725341797,94.1500015258789,92.68333435058594,34926000,
2025-12-18,94.94999694824219,95.30999755859375,94.58000183105469,94.81999969482422,93.3428955078125,29971400,
2025-12-19,95.26000213623047,95.7300033569336,95.20999908447266,95.45999908447266,93.9729232788086,31094700,
2025-12-22,95.47000122070312,95.76000213623047,95.4000015258789,95.69999694824219,94.20918273925781,15861200,
2025-12-23,96.27999877929688,96.44000244140625,96.16999816894531,96.29000091552734,94.79000091552734,16485700,
2025-12-24,96.33000183105469,96.45999908447266,96.19000244140625,96.41000366210938,94.90813446044922,5609700,
2025-12-26,96.52999877929688,96.5999984741211,96.33999633789062,96.56999969482422,95.06563568115234,9304200,
2025-12-29,96.26000213623047,96.47000122070312,96.05999755859375,96.27999877929688,94.7801513671875,16705400,
2025-12-30,96.62999725341797,96.80000305175781,96.41999816894531,96.44000244140625,94.93766021728516,15877000,
2025-12-31,96.33000183105469,96.38999938964844,95.91999816894531,96.02999877929688,94.53404235839844,27618000,
2026-01-02,97.02999877929688,97.11000061035156,96.51000213623047,97.04000091552734,95.52831268310547,42922400,
2026-01-05,97.26000213623047,98.1500015258789,97.2300033569336,98.1500015258789,96.62102508544922,25187000,
2026-01-06,98.30999755859375,98.4800033569336,98.12999725341797,98.30000305175781,96.76869201660156,14557900,
2026-01-07,98.13999938964844,98.20999908447266,97.83999633789062,97.93000030517578,96.40444946289062,15468900,
2026-01-08,97.55999755859375,97.94999694824219,97.52999877929688,97.94000244140625,96.41429901123047,14090500,
2026-01-09,98.41999816894531,98.88999938964844,98.33000183105469,98.80999755859375,97.27073669433594,16001700,
2026-01-12,99.1500015258789,99.44000244140625,99.12000274658203,99.41000366210938,97.86139678955078,15313500,
2026-01-13,99.2300033569336,99.25,98.6500015258789,98.83999633789062,97.3002700805664,17697700,
2026-01-14,99.19000244140625,99.37000274658203,98.9800033569336,99.30000305175781,97.75311279296875,19947400,
2026-01-15,99.62000274658203,99.62000274658203,99.22000122070312,99.26000213623047,97.71372985839844,24662400,
2026-01-16,99.41999816894531,99.54000091552734,99.05999755859375,99.52999877929688,97.97952270507812,18699200,
2026-01-20,98.0,98.69000244140625,97.86000061035156,98.0199966430664,96.4930419921875,26893300,
2026-01-21,98.2699966430664,99.27999877929688,97.88999938964844,99.02999877929688,97.48731231689453,26150500,
2026-01-22,99.38999938964844,99.66999816894531,99.18000030517578,99.41999816894531,97.8712387084961,16592800,
2026-01-23,99.16999816894531,100.0,99.0,99.97000122070312,98.41267395019531,16753500,
2026-01-26,100.54000091552734,100.83000183105469,100.45999908447266,100.47000122070312,98.9048843383789,14959300,
2026-01-27,101.47000122070312,102.31999969482422,101.43000030517578,102.08999633789062,100.49964141845703,19754300,
2026-01-28,101.19000244140625,101.36000061035156,100.55999755859375,101.01000213623047,99.43647003173828,21938700,
2026-01-29,102.0199966430664,102.0999984741211,100.55999755859375,101.69000244140625,100.10588073730469,29236200,
2026-01-30,101.3499984741211,101.54000091552734,100.37000274658203,100.73999786376953,99.17066955566406,27813400,
2026-02-02,100.87999725341797,101.55000305175781,100.81999969482422,101.4000015258789,99.82039642333984,21725500,
2026-02-03,101.13999938964844,101.66000366210938,100.63999938964844,101.44999694824219,99.86961364746094,23625500,
2026-02-04,102.47000122070312,102.66999816894531,101.37000274658203,101.77999877929688,100.19447326660156,25576700,
2026-02-05,100.62000274658203,101.1500015258789,100.2699966430664,100.33000183105469,98.7670669555664,22760200,
2026-02-06,101.69000244140625,102.6500015258789,101.63999938964844,102.61000061035156,101.01154327392578,17343700,
2026-02-09,103.2300033569336,104.16999816894531,103.12000274658203,103.98999786376953,102.37004089355469,20137400,
2026-02-10,104.58000183105469,104.66999816894531,104.23999786376953,104.23999786376953,102.61614990234375,16861700,
2026-02-11,104.83999633789062,105.16999816894531,104.16000366210938,104.94000244140625,103.30525207519531,20493500,
2026-02-12,105.08999633789062,105.23999786376953,103.80999755859375,104.1500015258789,102.52755737304688,29385300,
2026-02-13,103.87999725341797,104.43000030517578,103.44999694824219,104.23999786376953,102.61614990234375,22651300,
2026-02-17,103.36000061035156,104.33999633789062,103.0199966430664,104.22000122070312,102.59646606445312,19647200,
2026-02-18,104.37000274658203,104.91000366210938,104.12000274658203,104.33999633789062,102.71459197998047,16099000,
2026-02-19,103.54000091552734,104.08999633789062,103.37000274658203,104.05000305175781,102.42911529541016,15994100,
2026-02-20,103.86000061035156,105.05000305175781,103.86000061035156,104.9000015258789,103.265869140625,25737500,
2026-02-23,104.80999755859375,105.11000061035156,104.19000244140625,104.47000122070312,102.84256744384766,14151800,
2026-02-24,104.16999816894531,104.91999816894531,104.08000183105469,104.66000366210938,103.02960968017578,17358000,
2026-02-25,105.26000213623047,105.80000305175781,105.1500015258789,105.66000366210938,104.0140380859375,14783800,
2026-02-26,105.63999938964844,105.72000122070312,104.87000274658203,105.56999969482422,103.92543029785156,28482700,
2026-02-27,105.5199966430664,105.94000244140625,105.26000213623047,105.37999725341797,103.73838806152344,25575500,
2026-03-02,102.76000213623047,103.7300033569336,102.72000122070312,103.30000305175781,101.6907958984375,38046600,
2026-03-03,98.6500015258789,100.55999755859375,97.75,100.08999633789062,98.53079986572266,52567300,
2026-03-04,100.79000091552734,101.48999786376953,100.4000015258789,101.37999725341797,99.80070495605469,30766400,
2026-03-05,99.77999877929688,100.2699966430664,98.22000122070312,99.16000366210938,97.61529541015625,34508300,
2026-03-06,97.2699966430664,98.69000244140625,97.05999755859375,98.27999877929688,96.74899291992188,27734400,
2026-03-09,96.77999877929688,99.41000366210938,95.9800033569336,98.98999786376953,97.44793701171875,37484700,
2026-03-10,99.73999786376953,100.87999725341797,99.06999969482422,99.22000122070312,97.67435455322266,44802900,
2026-03-11,98.63999938964844,99.37999725341797,98.29000091552734,99.01000213623047,97.4676284790039,21345300,
2026-03-12,98.04000091552734,98.12999725341797,97.01000213623047,97.45999908447266,95.9417724609375,34724600,
2026-03-13,97.66999816894531,98.11000061035156,96.13999938964844,96.30000305175781,94.79984283447266,27628100,
2026-03-16,97.63999938964844,98.31999969482422,97.44999694824219,98.0999984741211,96.5718002319336,17384000,
2026-03-17,98.73999786376953,98.97000122070312,98.23999786376953,98.37000274658203,96.83760070800781,16411500,
2026-03-18,97.80999755859375,98.01000213623047,96.61000061035156,96.69000244140625,95.18376922607422,26644800,
2026-03-19,94.94000244140625,97.11000061035156,94.80000305175781,96.5199966430664,95.01641082763672,34858300,
2026-03-20,96.12999725341797,96.12999725341797,93.08000183105469,93.58999633789062,92.1320571899414,45493400,
2026-03-23,95.52999877929688,97.0199966430664,94.94999694824219,95.83999633789062,94.34700012207031,40781200,
2026-03-24,94.48999786376953,95.80999755859375,94.3499984741211,95.2699966430664,93.78588104248047,22695800,
2026-03-25,96.91999816894531,97.1500015258789,96.1500015258789,96.66000366210938,95.15423583984375,20476300,
2026-03-26,95.47000122070312,96.2300033569336,94.62000274658203,94.66000366210938,93.18539428710938,19676500,
2026-03-27,94.29000091552734,94.83999633789062,93.5199966430664,93.80000305175781,92.33879089355469,22341100,
2026-03-30,94.72000122070312,94.9800033569336,93.66999816894531,94.06999969482422,92.60457611083984,16136400,
2026-03-31,95.56999969482422,97.16000366210938,95.05999755859375,97.12999725341797,95.61690521240234,39448000,
2026-04-01,98.5199966430664,99.31999969482422,98.22000122070312,98.61000061035156,97.07386016845703,27123200,
2026-04-02,96.54000091552734,98.41999816894531,96.36000061035156,98.0,96.47335815429688,17276100,
2026-04-06,98.12999725341797,98.7300033569336,98.02999877929688,98.48999786376953,96.95572662353516,11810900,
2026-04-07,97.66999816894531,98.5,96.79000091552734,98.3499984741211,96.81790161132812,19809700,
2026-04-08,102.48999786376953,102.63999938964844,101.5199966430664,102.19000244140625,100.59809112548828,22300800,
2026-04-09,101.08999633789062,102.47000122070312,100.91000366210938,101.94999694824219,100.36182403564453,14958400,
2026-04-10,102.62999725341797,102.69000244140625,101.80999755859375,102.18000030517578,100.58824157714844,8670300,
2026-04-13,101.2699966430664,102.8499984741211,101.18000030517578,102.80999755859375,101.20842742919922,19346900,
2026-04-14,103.33999633789062,103.81999969482422,103.20999908447266,103.63999938964844,102.02549743652344,16581000,
2026-04-15,103.38999938964844,103.44999694824219,102.94000244140625,103.30999755859375,101.70063781738281,8786300,
2026-04-16,103.55999755859375,103.58000183105469,102.6500015258789,103.01000213623047,101.40531158447266,13227600,
2026-04-17,104.45999908447266,105.12999725341797,104.20999908447266,104.31999969482422,102.69490814208984,17321500,
2026-04-20,103.72000122070312,103.93000030517578,103.12999725341797,103.91000366210938,102.29129791259766,12896100,
2026-04-21,103.12999725341797,103.2699966430664,101.51000213623047,101.62999725341797,100.04680633544922,18105400,
2026-04-22,102.33000183105469,102.37999725341797,101.6500015258789,101.97000122070312,100.38151550292969,9990800,
2026-04-23,101.75,102.12000274658203,100.1500015258789,101.23999786376953,99.66288757324219,15773900,
2026-04-24,101.41000366210938,101.95999908447266,101.1500015258789,101.7699966430664,100.18462371826172,14219400,
2026-04-27,101.83000183105469,102.05999755859375,101.33999633789062,101.37999725341797,99.80070495605469,10091700,
2026-04-28,100.93000030517578,101.12999725341797,100.55999755859375,100.95999908447266,99.38724517822266,11008800,
2026-04-29,100.4000015258789,100.4800033569336,99.51000213623047,99.93000030517578,98.373291015625,10986800,
2026-04-30,101.31999969482422,102.58000183105469,101.08999633789062,102.31999969482422,100.72605895996094,16585800,
2026-05-01,102.29000091552734,102.87000274658203,102.06999969482422,102.0999984741211,100.50949096679688,14447200,
2026-05-04,101.44000244140625,101.72000122070312,100.26000213623047,100.69999694824219,99.13129425048828,21026300,
2026-05-05,101.66999816894531,102.16000366210938,101.19000244140625,102.04000091552734,100.45042419433594,12347300,
2026-05-06,104.5,104.91999816894531,104.30999755859375,104.80999755859375,103.1772689819336,14755500,
2026-05-07,104.81999969482422,104.86000061035156,102.81999969482422,102.88999938964844,101.28718566894531,19257500,
2026-05-08,103.7699966430664,104.04000091552734,103.38999938964844,103.95999908447266,102.34051513671875,12280100,
2026-05-11,103.80999755859375,104.0,103.56999969482422,103.73999786376953,102.12393951416016,10717500,
2026-05-12,103.0,103.27999877929688,102.3499984741211,103.13999938964844,101.53328704833984,15770900,
2026-05-13,103.01000213623047,103.87999725341797,102.93000030517578,103.83000183105469,102.21253967285156,9578900,
2026-05-14,103.79000091552734,103.93000030517578,103.41000366210938,103.45999908447266,101.84830474853516,8943600,
2026-05-15,102.01000213623047,102.13999938964844,101.55000305175781,101.72000122070312,100.13540649414062,17916800,
2026-05-18,102.4800033569336,102.81999969482422,101.77999877929688,102.66000366210938,101.0607681274414,15944000,
2026-05-19,102.08000183105469,102.47000122070312,101.69000244140625,101.91999816894531,100.33229064941406,13211800,
2026-05-20,102.16000366210938,103.91000366210938,101.97000122070312,103.62000274658203,102.00581359863281,16511800,
2026-05-21,102.81999969482422,104.55999755859375,102.5999984741211,104.19000244140625,102.56693267822266,14357600,
2026-05-22,104.22000122070312,104.4800033569336,103.79000091552734,103.9800033569336,102.3602066040039,12012200,
2026-05-26,105.3499984741211,105.45999908447266,104.76000213623047,105.12999725341797,103.4922866821289,12884900,
2026-05-27,105.05999755859375,105.08999633789062,104.5199966430664,104.7699966430664,103.13789367675781,12599500,
2026-05-28,104.12000274658203,105.01000213623047,103.97000122070312,104.69000244140625,103.05914306640625,13606000,
2026-05-29,105.12999725341797,105.5199966430664,104.7300033569336,104.80000305175781,103.16743469238281,16926000,
2026-06-01,103.98999786376953,104.91999816894531,103.5999984741211,104.44000244140625,102.81304168701172,17412600,
2026-06-02,104.58999633789062,105.16000366210938,104.52999877929688,105.0199966430664,103.38399505615234,8400600,
2026-06-03,104.58000183105469,104.63999938964844,104.06999969482422,104.12000274658203,102.4980239868164,11807100,
2026-06-04,104.54000091552734,105.0199966430664,104.43000030517578,104.94999694824219,103.3150863647461,10158700,
2026-06-05,104.13999938964844,104.19000244140625,101.91000366210938,102.26000213623047,100.66699981689453,16937500,
2026-06-08,103.2699966430664,103.5,102.72000122070312,102.87999725341797,101.27733612060547,13550300,
2026-06-09,103.88999938964844,104.23999786376953,101.33999633789062,102.9000015258789,101.29702758789062,21878000,
2026-06-10,102.2300033569336,102.9000015258789,101.48999786376953,101.56999969482422,99.98774719238281,22737700,
2026-06-11,102.4800033569336,104.8499984741211,102.22000122070312,104.7300033569336,103.09852600097656,20415000,
2026-06-12,104.6500015258789,105.36000061035156,104.19000244140625,105.0199966430664,103.38399505615234,14219900,
2026-06-15,104.69000244140625,104.73999786376953,103.98999786376953,104.08000183105469,104.08000183105469,14053600,"{""dividend_amount"": 1.636}"
2026-06-16,104.72000122070312,104.80000305175781,104.2300033569336,104.30999755859375,104.30999755859375,12047000,
2026-06-17,105.04000091552734,105.41999816894531,103.58999633789062,103.77999877929688,103.77999877929688,20717600,
2026-06-18,104.58000183105469,104.66000366210938,104.18000030517578,104.41000366210938,104.41000366210938,15466300,
2026-06-22,104.58999633789062,104.83999633789062,104.43000030517578,104.58000183105469,104.58000183105469,9596200,
2026-06-23,102.37999725341797,103.0199966430664,102.31999969482422,102.45999908447266,102.45999908447266,17425700,
2026-06-24,102.23999786376953,102.6500015258789,101.91999816894531,102.26000213623047,102.26000213623047,12504200,
2026-06-25,103.4800033569336,103.7300033569336,102.7300033569336,103.1500015258789,103.1500015258789,13135400,
2026-06-26,102.45999908447266,103.06999969482422,102.30000305175781,102.54000091552734,102.54000091552734,21219200,
2026-06-29,102.87000274658203,103.47000122070312,102.22000122070312,103.44999694824219,103.44999694824219,10788600,
2026-06-30,103.31999969482422,103.88999938964844,103.19000244140625,103.87999725341797,103.87999725341797,16945900,
2026-07-01,103.06999969482422,103.43000030517578,102.87000274658203,103.0199966430664,103.0199966430664,13487100,
2026-07-02,104.58999633789062,105.2699966430664,103.75,104.37000274658203,104.37000274658203,12686000,
2026-07-06,105.0,105.5199966430664,104.87999725341797,105.45999908447266,105.45999908447266,9803200,
2026-07-07,105.0199966430664,105.16000366210938,103.8499984741211,104.16000366210938,104.16000366210938,10714800,
2026-07-08,102.80999755859375,103.41000366210938,102.26000213623047,103.36000061035156,103.36000061035156,8642800,
2026-07-09,103.61000061035156,104.19000244140625,103.55000305175781,103.91999816894531,103.91999816894531,7586400,
2026-07-10,104.18000030517578,104.5999984741211,103.61000061035156,104.33000183105469,104.33000183105469,8286800,
2026-07-13,103.8499984741211,103.9800033569336,103.08999633789062,103.23999786376953,103.23999786376953,10953700,
2026-07-14,104.37999725341797,105.08999633789062,103.91000366210938,103.95999908447266,103.95999908447266,9932200,
2026-07-15,104.27999877929688,104.80999755859375,103.80000305175781,104.6500015258789,104.6500015258789,7415800,
2026-07-16,103.66999816894531,104.22000122070312,103.47000122070312,103.80999755859375,103.80999755859375,9966800,
2026-07-17,102.51000213623047,103.51000213623047,102.51000213623047,103.33000183105469,103.33000183105469,10969800,
2026-07-20,103.33999633789062,103.48999786376953,102.47000122070312,102.56999969482422,102.56999969482422,14834400,
2026-07-21,103.51000213623047,104.19000244140625,103.08999633789062,104.05999755859375,104.05999755859375,9826900,
2026-07-22,104.44000244140625,104.63999938964844,104.22000122070312,104.25,104.25,14694400,
2026-07-23,102.76000213623047,103.29000091552734,102.54000091552734,102.9000015258789,102.9000015258789,12596100,
2026-07-24,103.5,104.02999877929688,103.26000213623047,103.41000366210938,103.41000366210938,9032100,
2026-07-27,104.36000061035156,104.45999908447266,103.44999694824219,103.91000366210938,103.91000366210938,9299900,
2026-07-28,103.19000244140625,104.18000030517578,103.12000274658203,103.88999938964844,103.88999938964844,9580400,
2026-07-29,103.72000122070312,104.8499984741211,102.9800033569336,103.37000274658203,103.37000274658203,11646400,
2026-07-30,105.01000213623047,106.31999969482422,104.80999755859375,106.23999786376953,106.23999786376953,13263500,
2026-07-31,105.75,105.83000183105469,104.5999984741211,105.58000183105469,105.58000183105469,14260700,
2026-08-03,105.72000122070312,106.08000183105469,105.54000091552734,106.0199966430664,106.0199966430664,9956800,
2026-08-04,106.72000122070312,107.47000122070312,106.61000061035156,107.31999969482422,107.31999969482422,10410000,
2026-08-05,107.98999786376953,108.0,107.4000015258789,107.43000030517578,107.43000030517578,9007600,
2026-08-06,107.66000366210938,107.91000366210938,107.26000213623047,107.36000061035156,107.36000061035156,8510700,
2026-08-07,108.75,108.76000213623047,108.19000244140625,108.55000305175781,108.55000305175781,9430900,
2026-08-10,108.20999908447266,108.30999755859375,107.97000122070312,108.01000213623047,108.01000213623047,7015400,
2026-08-11,108.44000244140625,108.62999725341797,107.87999725341797,108.08999633789062,108.08999633789062,6368300,
2026-08-12,108.75,108.81999969482422,108.31999969482422,108.5,108.5,9901400,
2026-08-13,108.66999816894531,108.88999938964844,108.51000213623047,108.69000244140625,108.69000244140625,7237900,
2026-08-14,108.76000213623047,108.88999938964844,108.45999908447266,108.63999938964844,108.63999938964844,5660100,
2026-08-17,108.66000366210938,108.87000274658203,108.3499984741211,108.44999694824219,108.44999694824219,9375500,
2026-08-18,107.75,108.02999877929688,107.18000030517578,107.2699966430664,107.2699966430664,14561300,
2026-08-19,107.87000274658203,108.06999969482422,107.41000366210938,107.66000366210938,107.66000366210938,10829600,
2026-08-20,107.29000091552734,107.86000061035156,107.16000366210938,107.3499984741211,107.3499984741211,10578400,
2026-08-21,108.12999725341797,108.37000274658203,108.05000305175781,108.23999786376953,108.23999786376953,9935600,
2026-08-24,107.98999786376953,108.19000244140625,107.77999877929688,108.02999877929688,108.02999877929688,6095400,
2026-08-25,108.51000213623047,108.83000183105469,108.23999786376953,108.80999755859375,108.80999755859375,6438700,
